1,Elvin,Torn,2013,Hyundai,Genesis Coupe
2,Margarette,Ronaghan,2008,Honda,Fit
3,Dotty,Amey,2006,Scion,xA
4,Leilah,Clayfield,2002,Porsche,911
5,Ingaberg,Fuster,1993,Dodge,D350 Club
6,Mira,Linnane,2000,BMW,5 Series
7,Blair,Runchman,2012,Aston Martin,V8 Vantage
8,Danette,Todd,2004,Ford,Expedition
9,Celene,Pates,1968,Chevrolet,Camaro
10,Rudiger,Bold,2006,Bentley,Azure
11,Helli,Andryushchenko,2002,Mazda,Protege
12,Adah,Cline,1997,Buick,Skylark
13,Rutter,Tomkins,2008,Dodge,Magnum
14,Linoel,Enston,1995,Chrysler,New Yorker
15,Zacharia,Bandiera,2005,Suzuki,Swift
16,Haily,Moisey,2004,Hummer,H1
17,Cacilie,Hizir,1992,GMC,Suburban 2500
18,Arley,Cocher,1997,Dodge,Viper
19,Delbert,Erett,2004,Infiniti,M
20,Vassily,Farress,2000,Ford,Th!nk
21,Nestor,Marvel,2010,Maybach,Landaulet
22,Cirilo,Halfacree,2008,Subaru,Forester
23,Katrina,Casperri,2003,Audi,Allroad
24,Druci,Hawkswell,2002,Audi,A4
25,Gilbertina,Wythill,2011,MINI,Cooper Clubman
26,Mic,Fulle,2007,Audi,A8
27,Bianca,Petruska,1995,Ford,Econoline E350
28,Ruddie,Strood,2002,Ford,Econoline E350
29,Trish,Lord,1995,Buick,Roadmaster
30,Ilysa,Radband,2006,Jeep,Wrangler
31,Erhart,Mugglestone,2008,Toyota,Camry Hybrid
32,Ryan,Ravenhill,2004,GMC,Yukon
33,Haven,Worpole,1990,Volkswagen,Golf
34,Engelbert,Rihanek,2003,Chrysler,Voyager
35,Mickie,Strete,1992,Dodge,Dakota
36,Val,Jasik,2009,Cadillac,Escalade EXT
37,Dalia,Robe,2005,Maybach,57S
38,Esmeralda,Skiplorne,2011,Mitsubishi,Outlander Sport
39,Hal,McGahy,1997,Nissan,Sentra
40,Land,Mushet,1987,Ford,EXP
41,Anthiathia,Pere,1999,Chevrolet,Corvette
42,Marys,Garvan,2010,Lexus,SC
43,Nickolaus,Soldan,1994,Plymouth,Colt Vista
44,Alisa,Benford,2005,Hyundai,Elantra
45,Andee,Curless,2003,Jaguar,XJ Series
46,Lexine,McDunlevy,1996,Buick,Riviera
47,Fred,McGaughie,1998,Acura,RL
48,Maryanne,Penniell,1989,Ford,Laser
49,Liane,Cheevers,2001,Toyota,Tacoma
50,Drake,Briatt,1997,Oldsmobile,Aurora
51,Nydia,De Michele,1999,Ford,Crown Victoria
52,Carlotta,Bozward,2004,Chevrolet,Aveo
53,Elwin,Exer,2004,Toyota,4Runner
54,Clint,Feldon,2005,Toyota,Echo
55,Deeanne,Beacon,2006,Mercedes-Benz,R-Class
56,Bernhard,Khotler,2012,MINI,Clubman
57,Riva,Ferraraccio,1999,Volkswagen,Passat
58,Malena,Sandercock,1995,Dodge,Spirit
59,Merridie,Seamen,1996,Dodge,Avenger
60,Zonnya,Snelson,2006,Chrysler,Sebring
61,Dyann,Nevitt,1997,Honda,del Sol
62,Kirbie,Titheridge,1999,Ford,Ranger
63,Tiphanie,Wilford,2012,BMW,X6 M
64,Brand,Okie,2007,Panoz,Esperante
65,Pasquale,Sallinger,1967,Ford,Fairlane
66,Nanni,Speariett,1992,Dodge,D150 Club
67,Carlin,Martygin,2011,Nissan,Quest
68,Bailey,Greatreax,2011,Kia,Sorento
69,Danna,Dine-Hart,2003,Dodge,Ram Van 3500
70,Baillie,Copin,1997,Ford,Thunderbird
71,Tripp,Thomlinson,2009,Ford,Focus
72,Creight,Pummery,1996,Mazda,Millenia
73,Abey,Colquit,1998,Porsche,911
74,Germaine,Kupisz,2002,Chrysler,Concorde
75,Nanni,Schustl,2009,Mercedes-Benz,M-Class
76,Sophey,Beedell,1985,Pontiac,6000
77,Emilee,Mushrow,2009,Kia,Carens
78,Clement,Lorenzin,1997,Ford,Econoline E250
79,Zaria,Guerrin,1966,Jensen,Interceptor
80,Cullan,Lemar,1993,Oldsmobile,Cutlass Cruiser
81,Ichabod,Veeler,1986,Audi,5000S
82,Mahalia,Piccard,1997,Pontiac,Bonneville
83,Caren,Corstorphine,1989,Ford,LTD Crown Victoria
84,Bunni,Halsho,2007,Audi,S8
85,Baxy,Cambling,1996,Acura,SLX
86,Olympie,Elson,2002,Pontiac,Bonneville
87,Carlee,Oty,2012,Porsche,Cayenne
88,Keith,Hambleton,2009,Nissan,Murano
89,Teodora,Baulcombe,1993,BMW,7 Series
90,Phil,Shurlock,2000,Chevrolet,Astro
91,Georgianne,Alessandrini,2010,Mitsubishi,Lancer
92,Kelvin,De Carteret,2012,Chrysler,Town & Country
93,Isidoro,Rabbatts,2003,Porsche,Boxster
94,Rodd,Lamacraft,1990,Porsche,944
95,Eduard,Tapton,2004,Chevrolet,Malibu
96,Tonya,Hamp,1995,Chevrolet,1500
97,Kellina,Aggott,1992,Ford,Thunderbird
98,Alec,Mannock,1986,Mercury,Grand Marquis
99,Kristine,Vynoll,1996,Ford,Aspire
100,Mayor,de Clercq,2007,Subaru,Tribeca
101,Humfried,Vant,1999,Dodge,Ram 2500
102,Gareth,Elloit,2002,Dodge,Ram Van 1500
103,Hazel,Jurisic,1994,Dodge,Ram Wagon B250
104,Douglass,Sunman,2007,Chevrolet,Monte Carlo
105,Zechariah,Seale,1999,Hyundai,Accent
106,Daryl,Okenden,1985,Ford,Bronco II
107,Angel,O' Gara,1993,Lotus,Elan
108,Mella,St. John,1998,Isuzu,Rodeo
109,Saudra,Boutcher,1986,Mazda,B-Series
110,Agnese,Edgeon,1990,Ford,E-Series
111,Galven,Isworth,2007,Ford,Ranger
112,Ogden,Lansbury,2005,Infiniti,Q
113,Gerladina,Blampied,1996,Nissan,Sentra
114,Fara,Batchan,2004,Pontiac,Aztek
115,Gilles,Pergens,1962,Chevrolet,Corvette
116,Alick,Flockhart,2004,BMW,Z4
117,Hilliary,Merryfield,2005,Suzuki,XL-7
118,Casandra,Gratrex,2005,Lexus,GX
119,Cristin,MacCawley,2006,Mazda,Tribute
120,Mariann,Woodson,1991,Audi,90
121,Juline,Murch,1994,Chevrolet,Impala
122,Morna,L'oiseau,2009,Lincoln,Navigator
123,Fidelio,Trowsdall,2011,BMW,5 Series
124,Brennan,MacMenemy,1996,Volkswagen,Passat
125,Valry,Girvan,1991,Audi,90
126,Neale,Rocca,1995,Volkswagen,GTI
127,Cyrus,Lightwing,2004,Dodge,Grand Caravan
128,Kathryn,Slee,1985,Subaru,Leone
129,Anatol,Pershouse,2007,Lexus,GX
130,Starlene,Linklet,1993,Dodge,Colt
131,Editha,Skellington,2009,GMC,Savana
132,Domini,Tremlett,1992,Mercury,Tracer
133,Darnell,Vitet,2009,Toyota,Land Cruiser
134,Edgardo,Mc Elory,2007,Lincoln,Mark LT
135,Sigismondo,Poulglais,2012,Hyundai,Accent
136,Marco,Lobell,1963,Austin,Mini
137,Charmine,Massey,2006,Ford,E-Series
138,Ailene,Ferronel,2003,Ford,Explorer Sport Trac
139,Alexis,Danilin,2006,Kia,Sportage
140,Gil,Ledbury,2002,Ford,Escort
141,Colan,Lambart,2001,Volkswagen,Golf
142,Dodi,Swapp,2011,Acura,RL
143,Orlando,Covell,1997,Lincoln,Mark VIII
144,Ezekiel,Piotrkowski,2005,Buick,Rendezvous
145,Mick,Cicccitti,1997,Chrysler,Concorde
146,Minny,Metham,2005,Suzuki,Daewoo Lacetti
147,Wolfy,Langmuir,1999,Ford,Expedition
148,Cleavland,Somersett,1999,Lexus,LX
149,Dionis,Howen,2001,BMW,3 Series
150,Ernst,Beloe,2004,Cadillac,SRX
151,Sonia,Goudard,2006,Peugeot,207
152,Abbye,Leadbitter,2009,Porsche,Boxster
153,Robbert,Fields,2012,Chevrolet,Corvette
154,Jacinthe,Farnes,2003,Cadillac,Escalade
155,Kimberli,Kacheller,2008,Chevrolet,Express 3500
156,Temp,Crutchley,2011,Dodge,Challenger
157,Chevalier,Langrish,2010,Jeep,Wrangler
158,Ami,Godard,2007,Jeep,Compass
159,Tova,Avramov,1995,Ford,Thunderbird
160,Rolando,Towll,2005,Volkswagen,Phaeton
161,Elinore,Antognazzi,2012,Bentley,Mulsanne
162,Arabella,Kasparski,1989,Ford,Aerostar
163,Rowland,Ciotti,1997,GMC,Savana 3500
164,Siward,Cory,2012,Nissan,Pathfinder
165,Brenda,Hamprecht,1995,Geo,Prizm
166,Dare,Karolewski,2011,Smart,Fortwo
167,Thia,Newiss,2012,Ferrari,458 Italia
168,Glen,Filochov,2003,Lamborghini,Murciélago
169,Shandee,Shorthill,2007,Mercedes-Benz,SL-Class
170,Raynell,Dinsell,2011,Honda,Element
171,Shaina,Milier,1971,Chevrolet,Vega
172,Ange,Stennes,2008,Audi,S4
173,Moises,Fawdrie,2004,Hyundai,Accent
174,Puff,Raffles,2009,Lexus,ES
175,Kimmie,Yantsev,1994,BMW,8 Series
176,Wallis,Strang,2004,Subaru,Forester
177,Maryjo,Fransoni,1998,Nissan,240SX
178,Mechelle,Newhouse,2006,Kia,Sedona
179,Cobbie,Henstridge,2010,Mercury,Grand Marquis
180,Doralyn,Kibard,2008,Audi,Q7
181,Myrtice,Godier,1991,Saab,900
182,Matilda,Cordner,1996,Toyota,Land Cruiser
183,Aimil,Castellan,2003,Mitsubishi,Outlander
184,Catarina,Wolfendale,1994,Geo,Tracker
185,Jo ann,Merrison,2013,GMC,Yukon
186,Mable,Vint,1993,Pontiac,Sunbird
187,Barbra,McIlhatton,2012,Hyundai,Santa Fe
188,Harlie,Krout,2006,Ford,F-Series
189,Dorey,Westcar,1997,BMW,Z3
190,Dacie,Hayhoe,2004,Cadillac,Escalade EXT
191,Guillemette,Tire,2008,Audi,A3
192,Shaine,Payn,2002,Ford,Escape
193,Olwen,Pople,2011,Chevrolet,Express 1500
194,Stafford,Atlay,2002,Volvo,S80
195,Vale,Le Barre,1999,Mitsubishi,Montero
196,Fancie,MacPhee,1969,Plymouth,Roadrunner
197,Cobb,Jedrzaszkiewicz,1992,Mitsubishi,Diamante
198,Roma,Aronstam,2011,Chevrolet,Colorado
199,Dionis,Idill,1987,Suzuki,Swift
200,Ashbey,Lys,2007,Chevrolet,Suburban
201,Eugine,Mendoza,2013,Lexus,RX
202,Northrop,Sunock,2003,Maybach,62
203,Margret,McQuillen,2009,Acura,MDX
204,Rosaleen,Gemlbett,2000,Kia,Sephia
205,Klarrisa,Rentcome,2006,Saab,9-2X
206,Gwenette,Lorait,1997,Pontiac,Trans Sport
207,Persis,Shippard,2000,Daewoo,Leganza
208,Pamelina,Bayliss,1997,Chevrolet,Express 3500
209,Aldon,Dinsdale,2003,BMW,7 Series
210,Hunter,Hallen,2012,Volkswagen,Tiguan
211,Rosetta,Souttar,2009,Lincoln,Navigator
212,Tabor,Fitzer,2006,Chevrolet,Silverado 1500
213,Chick,Brymham,2005,Suzuki,Grand Vitara
214,Wes,De Haven,2008,Kia,Carens
215,Stillmann,McCumskay,1997,Chevrolet,Express 2500
216,Ella,Heel,2005,Cadillac,CTS
217,Riccardo,Robeson,2002,Mitsubishi,Montero Sport
218,Alano,Mousby,2012,Mercedes-Benz,GLK-Class
219,Muffin,Strass,1995,Toyota,Xtra
220,Viva,Gaunter,2003,Mitsubishi,Lancer
221,Celestina,Chrippes,2009,Mercedes-Benz,M-Class
222,Callean,Trainer,2010,Volvo,C70
223,Bartholemy,Mytton,2008,Audi,RS4
224,Bearnard,Colvin,2006,Lotus,Elise
225,Eulalie,Struis,2010,GMC,Savana 1500
226,Cobb,Thorington,2001,Volkswagen,New Beetle
227,Sheba,Oaker,2010,GMC,Savana 3500
228,Worden,Vousden,1993,Buick,Roadmaster
229,Dollie,Nockles,2010,BMW,X5
230,Valeda,Jovanovic,2000,Chevrolet,Express 2500
231,Alleyn,Coolbear,2003,Mercedes-Benz,SLK-Class
232,Ed,Ross,1997,Ford,Windstar
233,Eleanora,Quantrill,1992,Chevrolet,Sportvan G20
234,Tann,Romaines,2005,Porsche,Cayenne
235,Randee,Alywen,2007,Chevrolet,Monte Carlo
236,Brittne,Tolomei,2000,Toyota,Solara
237,Dian,Boyen,1991,Volkswagen,Jetta
238,Lou,Rubinsohn,2004,Kia,Amanti
239,Estrellita,Kment,1997,Lexus,ES
240,Batsheva,Fronczak,2005,Chevrolet,Cavalier
241,Creighton,Cantu,2008,GMC,Sierra 3500
242,Reed,Frohock,2011,Toyota,Sienna
243,Koralle,Watts,1989,Ford,Bronco
244,Valida,Ducarne,2005,BMW,X3
245,Renato,Hedge,1996,Oldsmobile,Achieva
246,Junina,Corkish,1989,Saab,9000
247,Thedric,Crosseland,1997,Ford,Econoline E150
248,Frieda,Vedyaev,2007,Ford,Mustang
249,Glory,Macourek,2006,Isuzu,Ascender
250,Jackelyn,Isgate,1992,Chevrolet,Blazer
251,Hy,Paice,1966,Pontiac,GTO
252,Germaine,Olenikov,2005,Volvo,S40
253,Horten,Benedettini,2006,Volkswagen,Rabbit
254,Cyb,Agnew,1992,Buick,Roadmaster
255,Addie,Ginn,1994,Volkswagen,Jetta III
256,Giffy,Fellona,1985,Mercury,Capri
257,Emmalynn,Flawith,1999,Oldsmobile,Bravada
258,Arvy,Chaucer,1997,Isuzu,Oasis
259,Costa,O' Loughran,1994,Alfa Romeo,164
260,Nan,Saunier,2002,Chevrolet,Express 3500
261,Corri,Vennings,2002,Lexus,GS
262,Genny,Booi,2009,Lincoln,Town Car
263,Anabelle,MacVean,2003,Mercury,Grand Marquis
264,Cleveland,Neno,1994,Dodge,Dakota Club
265,Remington,Liddiatt,2011,Audi,A3
266,Rey,Damato,2001,Hyundai,XG300
267,Tann,Gyurko,1988,Ford,Festiva
268,Mallissa,Turbern,1998,Ford,Ranger
269,Lucienne,MacLoughlin,2000,Lexus,LS
270,Terrance,Franzettoini,1999,GMC,Savana 1500
271,Joyce,Andover,1996,Chevrolet,3500
272,Jorge,Hostan,2009,Mitsubishi,Outlander
273,Nariko,Benito,2005,Nissan,Armada
274,Waverley,Genney,2007,Saturn,VUE
275,Jeralee,Tweddell,1995,Volkswagen,Jetta III
276,Danette,Spall,1992,Subaru,Loyale
277,Julia,Hurdiss,2011,Volkswagen,GTI
278,Eran,Balcers,2004,Chevrolet,Tracker
279,Christalle,Sellens,1987,Lincoln,Continental
280,Krisha,Edgley,1967,Ford,Country
281,Carey,Kinlock,1994,Chevrolet,Impala SS
282,Tadio,Pagan,2007,Honda,Ridgeline
283,Kamila,Dimbleby,1993,Porsche,968
284,Justino,Perkinson,2005,Rolls-Royce,Phantom
285,Josee,Hairsnape,2003,Honda,Civic GX
286,Dottie,Henker,1994,Ford,F250
287,Javier,Usmar,2002,Saab,9-5
288,Odilia,Reace,2008,Audi,S4
289,Elmo,Engelmann,2010,Saturn,VUE
290,Anthia,Pashba,2006,BMW,330
291,Cindy,Dooman,2007,Ford,Edge
292,Lenard,Gluyus,2006,BMW,M6
293,Malanie,Kienle,2005,GMC,Savana 1500
294,Barbee,Fairbrother,1993,Mercedes-Benz,C-Class
295,Fidel,Sooley,2007,Mazda,MX-5
296,Nathanael,Murrigans,2001,Chevrolet,Suburban 1500
297,Evin,Martinez,2001,Chevrolet,Suburban 2500
298,Jeannie,Brookwood,1985,Buick,Somerset
299,Trescha,Hartnup,1994,Infiniti,J
300,Lawton,Matussevich,1991,Mazda,Familia
301,Rheta,McLaughlan,2010,Suzuki,Equator
302,Pen,Kirley,1995,Mercedes-Benz,E-Class
303,Aleksandr,Goodley,2008,Panoz,Esperante
304,Randolf,D'eye,1996,Mazda,MX-6
305,Alain,Staddart,1996,Buick,Regal
306,Arlin,Bottle,2012,Jeep,Compass
307,Jacquetta,Newns,1998,Ford,F150
308,Myles,Grummitt,1985,Mazda,626
309,Sara,Dagon,2000,Oldsmobile,Bravada
310,Kathryn,Renny,2008,Ford,Taurus X
311,Blisse,Alyonov,2003,Chevrolet,Corvette
312,Mac,Crallan,2006,BMW,7 Series
313,Frannie,Du Plantier,1997,Plymouth,Breeze
314,Preston,O'Mailey,2009,Mercedes-Benz,SLR McLaren
315,Giorgio,Eagell,2008,Porsche,911
316,Kirby,Bischop,1992,Suzuki,Swift
317,Gard,Garrioch,1985,Buick,Regal
318,Alisa,Gillson,1986,Mitsubishi,Starion
319,Benjamin,Rosenstengel,2006,Hummer,H2 SUT
320,Samson,Gammons,1996,Chevrolet,S10
321,Yvor,Steddall,2008,Ford,Ranger
322,Thalia,Pettwood,2012,Chevrolet,Impala
323,Ailene,McLaughlan,2013,Chevrolet,Malibu
324,Cordelia,Littrik,1989,Lexus,LS
325,Antons,Giorgio,1994,Plymouth,Colt
326,Ricky,Benns,2002,Nissan,Sentra
327,Price,Roo,2003,Ford,E250
328,Omero,Jannings,2008,Chevrolet,Colorado
329,Karlen,Shearn,1998,Audi,riolet
330,Alia,Muddicliffe,2004,Chrysler,300M
331,Lilian,Gladtbach,1998,Acura,TL
332,Joelynn,Scrivenor,1999,Volvo,C70
333,Skelly,Tyre,2007,Toyota,Corolla
334,Job,O'Haire,1998,Plymouth,Neon
335,Liz,Haly,2005,Chrysler,Pacifica
336,Eldredge,Ratcliffe,1995,Buick,Park Avenue
337,Tomaso,Hacker,1985,Mitsubishi,Truck
338,Clementina,Raubenheimer,1986,Volkswagen,Jetta
339,Maryrose,O'Brollachain,1992,Toyota,Celica
340,Simonne,Allward,2006,Volvo,XC70
341,Lola,Snugg,2001,Mazda,Miata MX-5
342,Jasen,Shelf,2013,Volvo,C70
343,Heda,Bridgeman,2012,GMC,Savana 1500
344,Biron,Hollidge,1988,Audi,90
345,Bryant,Heyward,1983,Pontiac,6000
346,Oralie,Chasmoor,1998,Mercedes-Benz,S-Class
347,Dolf,Wilmington,1988,Porsche,911
348,Marnia,Mountcastle,2007,Buick,Lucerne
349,Willow,MacKee,2004,Nissan,Frontier
350,Rayshell,Gyngell,2007,GMC,Savana 3500
351,Petrina,Rennocks,2006,Morgan,Aero 8
352,Verile,Spinney,2004,Lexus,GS
353,Clementina,Callaby,2004,GMC,Sierra 1500
354,Robinet,Wallis,2008,Bentley,Continental GTC
355,Isabelita,Churn,2010,Audi,S5
356,Tarra,Wilcott,2003,Ford,Taurus
357,Liane,Stanbra,1996,Subaru,Alcyone SVX
358,Ernesta,Berriball,1993,GMC,1500 Club Coupe
359,Marius,Ducker,2000,Mazda,MX-5
360,Patricia,Caudell,2012,Infiniti,G
361,Aarika,Wasling,2010,Mitsubishi,Eclipse
362,Ruby,Langran,2006,GMC,Sierra 3500
363,Sholom,Lochet,2000,Pontiac,Sunfire
364,Lidia,Klimkowski,2003,Mazda,Tribute
365,Hedvige,O'Feeney,2009,Mazda,Miata MX-5
366,Yasmin,Robley,1995,Ford,Bronco
367,Tamiko,Laughlan,2006,BMW,650
368,Schuyler,Paterson,2002,Volkswagen,New Beetle
369,Agna,Radloff,1992,Volkswagen,Fox
370,Alisander,Halle,2006,Volkswagen,Jetta
371,Edmund,Cowpe,2011,Nissan,Versa
372,Suki,Rochelle,2011,Ford,Ranger
373,Emyle,Greenough,2007,Ford,E250
374,Dana,Lytle,1986,Ford,Thunderbird
375,Scott,Diamant,2008,Acura,MDX
376,Chrystel,Pinckney,1993,Jeep,Wrangler
377,Chryste,Monkeman,2002,Toyota,Highlander
378,Kristo,Niesing,2006,Ferrari,F430
379,Evin,Showler,1984,Volkswagen,Golf
380,Merrili,Payfoot,2007,Ford,E-Series
381,Morgen,Barkus,2006,Mercury,Monterey
382,Sayers,Saunt,1998,Dodge,Viper
383,Beale,Di Biaggi,2002,Mercedes-Benz,SLK-Class
384,Ezequiel,Brigshaw,1986,Buick,Electra
385,Elaine,Lassetter,1991,Honda,Civic
386,Daffi,Dovidaitis,2004,Volkswagen,Jetta
387,Leisha,Tapper,1990,Suzuki,SJ
388,Lynnette,Kolakowski,2006,GMC,Sierra Denali
389,Fredrika,Pomfrey,1992,Toyota,Corolla
390,Ellyn,Glennard,1992,Chevrolet,Lumina APV
391,Marcel,MacCracken,1966,Pontiac,Bonneville
392,Merci,Yes,1992,BMW,3 Series
393,Giselbert,Ratter,2009,Lexus,IS-F
394,Lodovico,Van de Castele,1995,Eagle,Vision
395,Pebrook,Wyre,1997,Dodge,Intrepid
396,Ferdy,Cristofano,1986,Land Rover,Range Rover
397,Glennie,Paskerful,1993,Dodge,Grand Caravan
398,Agneta,Burniston,2006,Hummer,H1
399,Vinny,Hacksby,2012,Lincoln,MKX
400,Odie,Snelgrove,2010,BMW,7 Series
401,Brodie,Raffeorty,1986,Pontiac,Bonneville
402,Rockwell,Eitter,1993,Dodge,Colt
403,Ula,Ickovici,1996,Ford,Econoline E150
404,Shepard,Veltmann,1971,Pontiac,Grand Prix
405,Jena,Courtney,1998,Nissan,Pathfinder
406,Gena,Fyldes,2008,Isuzu,i-370
407,Mel,Hutcheon,2002,Chevrolet,Avalanche
408,Heriberto,Weatherill,2010,Mercedes-Benz,C-Class
409,Chalmers,Courtenay,2005,Ford,E150
410,Minne,Perrington,2008,Mercedes-Benz,CL-Class
411,Cristin,Lockton,2005,Chevrolet,Uplander
412,Baxie,Ranking,2008,Audi,RS4
413,Jammie,Marlowe,2004,Oldsmobile,Bravada
414,Oralie,Nugent,2007,Saturn,Outlook
415,Kassi,Pridding,1993,Mercedes-Benz,S-Class
416,Caty,Sywell,2002,Lexus,LS
417,Felipe,Beddall,2009,Mercedes-Benz,CL65 AMG
418,Sharyl,Warin,1999,Chevrolet,Suburban 2500
419,Rolph,Gait,1999,Buick,Park Avenue
420,Shaine,Degoe,2007,Chevrolet,Express 3500
421,Dion,Mulvenna,1997,Toyota,T100
422,Danie,Relfe,1999,Acura,TL
423,Dorolisa,Luberti,2010,GMC,Sierra 3500
424,Geri,Woodrow,2000,Toyota,Avalon
425,Hakim,Saye,1998,Lexus,SC
426,Anallise,MacNish,1998,Dodge,Ram Van 2500
427,Franklyn,Butteris,2005,Volkswagen,Golf
428,Maire,Edridge,2007,Bentley,Azure
429,Venus,Hallatt,1993,Volvo,940
430,Ofella,Flewitt,2012,Cadillac,CTS
431,Vere,Yanov,1994,Plymouth,Laser
432,Aubine,Hinsch,2005,Audi,A8
433,Sutton,Davio,1999,Suzuki,Esteem
434,Rhodia,Petchey,2001,Acura,Integra
435,Cahra,Scoular,2001,Chevrolet,Tahoe
436,Sutherland,Apark,2007,Buick,LaCrosse
437,Steven,Guilloux,2005,Mazda,B-Series
438,Janene,Brand,2001,Mazda,B-Series Plus
439,Karalynn,Norvell,2003,Lexus,IS
440,Gery,Goathrop,1997,Porsche,911
441,Farly,Probyn,2000,Audi,A4
442,Josee,Godart,1996,Audi,A6
443,Angele,Pymar,1997,Chevrolet,3500
444,Jordana,Padmore,1995,Toyota,4Runner
445,Terrie,Hardcastle,2004,Toyota,Avalon
446,Madelon,Borel,1967,Ford,Fairlane
447,Kippar,Brithman,2013,Ford,C-MAX Hybrid
448,Elden,Sommer,1996,Mercury,Sable
449,Carleton,Vorley,1994,Ford,F150
450,Glen,Fountain,1993,Volkswagen,Jetta III
451,Michele,Longmore,1995,Mercury,Villager
452,Jillayne,Raimbauld,2011,Chevrolet,Colorado
453,Gael,Nannoni,1993,Mercedes-Benz,600SL
454,Svend,Arnley,2003,Mitsubishi,Montero Sport
455,Mervin,Birkenhead,2009,Chevrolet,Tahoe
456,Fairfax,Iacovolo,2012,Toyota,4Runner
457,Worthington,Elt,2010,Honda,Ridgeline
458,Ralina,Fairbeard,1991,Volkswagen,GTI
459,Janetta,Leathem,2009,Hummer,H3
460,Allistir,Frudd,1999,Daewoo,Leganza
461,Malanie,Chishull,2001,Jaguar,XJ Series
462,Salomi,Noorwood,1999,Oldsmobile,Aurora
463,Milli,Cogin,2004,Volvo,V70
464,Tasha,Villiers,2004,Chevrolet,Tracker
465,Cornelia,Closs,2005,Nissan,Maxima
466,Carney,Wetherell,1996,Volvo,960
467,Suellen,Plaskett,1994,Dodge,Viper RT/10
468,Merci,Currier,1992,Isuzu,Rodeo
469,Francisco,Macilhench,1996,Land Rover,Discovery
470,Jere,Chaikovski,1994,Audi,Cabriolet
471,Bert,Shalloe,2000,Suzuki,Swift
472,Meade,MacCaughan,2005,Pontiac,Aztek
473,Tamas,Powlesland,2011,Mazda,Mazdaspeed 3
474,Esme,Gelland,1985,Pontiac,Firebird
475,Janine,Nolder,1995,Buick,LeSabre
476,Erny,McKerron,1993,Mercedes-Benz,300SD
477,Zenia,Antosik,1988,Pontiac,Firefly
478,Emelia,Klimas,2010,Lincoln,MKX
479,Lavinia,Kondrat,2004,Suzuki,Aerio
480,Vincenz,Brandsen,2003,Mazda,B-Series
481,Verney,D'Ambrosi,2009,Morgan,Aero 8
482,Keir,Jales,2006,Saturn,Relay
483,Eba,Sarginson,2008,Maserati,Quattroporte
484,Celia,Filchagin,2003,Acura,RL
485,Tremayne,Sorbie,1992,GMC,Yukon
486,Martynne,Dobble,2005,Chevrolet,SSR
487,Bliss,Elsmor,1991,Porsche,911
488,Dianna,Ballsdon,2004,GMC,Sonoma
489,Natty,Bukac,2005,Pontiac,Daewoo Kalos
490,Kaitlynn,Scandrett,2009,Kia,Borrego
491,Audre,Reynoollds,2006,Ferrari,612 Scaglietti
492,Tori,Macura,1998,GMC,Savana 3500
493,Kirbee,Titmarsh,2008,Mitsubishi,Endeavor
494,Dario,Foort,2011,Maybach,62
495,Shaylah,Doe,1991,Ford,Aerostar
496,Waiter,Ruoss,1986,Honda,Prelude
497,Kimberli,Hayball,1990,Ford,Thunderbird
498,Allys,Dwane,2005,Spyker,C8
499,Constantino,Bento,1994,Chevrolet,Cavalier
500,Nessie,Wolfer,1987,Mercury,Sable
501,Beth,Westrey,2011,Lincoln,MKS
502,Marchelle,Wildes,2001,Chevrolet,Silverado 1500
503,Domini,Doohan,1996,Chrysler,LHS
504,Odella,Castellini,2005,Maybach,62
505,Ninnetta,Adamec,2004,Acura,TSX
506,Danila,Densham,1995,Pontiac,Sunfire
507,Bale,Herkess,2010,Cadillac,Escalade ESV
508,Korey,Cescon,2004,Scion,xA
509,Artur,Di Nisco,1973,Pontiac,Grand Prix
510,Robby,Bette,2005,Ford,Five Hundred
511,Mirabel,Woodfine,2009,Toyota,Tacoma
512,Lonny,Hodgets,2010,Suzuki,Equator
513,Henry,Hairesnape,2009,Mercedes-Benz,SLR McLaren
514,Herman,Klageman,2010,Audi,Q5
515,Virginie,Keppel,1997,GMC,Savana 2500
516,Herold,Sanpher,1997,Jeep,Grand Cherokee
517,Reg,Forsyde,2012,Maserati,Quattroporte
518,Kaleena,Lancley,2006,Toyota,Prius
519,Sonja,Abram,2013,Ford,Explorer
520,Rutherford,Vannacci,2012,BMW,6 Series
521,Bat,Pateman,1993,Mercedes-Benz,300E
522,Janifer,Soggee,1999,Chevrolet,Silverado
523,Daven,Elsie,2007,Volkswagen,Passat
524,Lyndsie,Pestricke,2003,Honda,CR-V
525,Katya,Coughtrey,2002,Honda,Odyssey
526,Wanda,Huddleston,2008,Bentley,Continental GT
527,Giusto,Dumbare,2003,Mazda,MPV
528,Jarret,Garritley,1997,Mitsubishi,Mirage
529,Steven,Gudger,1984,Pontiac,1000
530,Misti,Flaunier,2003,Jaguar,S-Type
531,Hamlin,Slym,1996,Honda,Civic
532,Jedd,Spittall,1993,Isuzu,Space
533,Lucien,Aseef,2011,Infiniti,G37
534,Gracie,Isakovic,1993,Dodge,Ram Van B250
535,Harriott,Garden,1992,Buick,Coachbuilder
536,Rolfe,Jacqueme,1985,Volkswagen,Type 2
537,Jedidiah,Pinard,2000,Lexus,SC
538,Evangelin,Sapp,2009,Toyota,TundraMax
539,Jamima,Chastagnier,2002,Mercedes-Benz,E-Class
540,Jandy,Peerman,1996,Dodge,Ram Van 2500
541,Julianne,Wickwar,2009,BMW,M3
542,Lydie,Dobinson,1998,Volkswagen,Passat
543,Kass,Maypes,2013,Toyota,Land Cruiser
544,Merle,Paulazzi,1982,Pontiac,Grand Prix
545,Beatrix,Nias,1998,Ford,Explorer
546,Philippe,Eagling,2003,Toyota,Celica
547,Jephthah,Walkey,2011,Dodge,Durango
548,Cris,Comelini,1994,Acura,Vigor
549,Crysta,Reach,1993,Mazda,MX-5
550,Codie,Youings,2006,Mercury,Grand Marquis
551,Vanda,Oseland,2005,Cadillac,STS
552,Arabelle,MacDaid,1985,Audi,Quattro
553,Rosalynd,Worden,1993,Mazda,RX-7
554,Evanne,Croall,2008,Nissan,Altima
555,Justine,Sirkett,2008,Audi,TT
556,Chery,L'Homme,2004,Lexus,SC
557,Gallard,Ginnane,2008,GMC,Sierra
558,Hugh,Pleat,2007,Kia,Optima
559,Tiffi,Rysom,2005,Chevrolet,Astro
560,Lindy,Featenby,1966,Chevrolet,Corvette
561,Roland,Finden,1994,Mercury,Grand Marquis
562,Jackquelin,Bradnam,1988,Buick,Reatta
563,Dudley,Wraith,1998,Dodge,Avenger
564,Florri,Bareham,2012,Honda,Pilot
565,Horatio,Mattsson,1989,BMW,6 Series
566,Rozalin,Tallow,2008,Hummer,H3
567,Carl,Gipp,2008,Mercury,Grand Marquis
568,Eustacia,Duetschens,2008,Land Rover,Range Rover
569,Pren,Cadamy,1991,Suzuki,Swift
570,Kenon,Leacy,1997,Isuzu,Trooper
571,Kori,De Mitris,2009,Kia,Spectra
572,Justen,Betteriss,1992,Volkswagen,riolet
573,Angelita,Staley,1989,Ford,Laser
574,Ermentrude,Duchateau,2004,Nissan,Sentra
575,Claudetta,Penman,2002,Mazda,Tribute
576,Rossy,Bulbrook,2002,Oldsmobile,Bravada
577,Georg,Thomann,1998,Toyota,Sienna
578,Humbert,Dono,2011,Volvo,V50
579,Nico,Overil,1996,Buick,Roadmaster
580,Tiffanie,Simao,2003,Oldsmobile,Bravada
581,Harper,Borrows,1994,Mitsubishi,Mighty Max
582,Kellia,Monkhouse,1993,Ford,F-Series
583,Francklyn,Froment,1992,Mazda,929
584,Vanda,Hassen,1996,Ford,Thunderbird
585,Robbie,Cuddon,2007,Ford,Freestar
586,Jo,Zieme,2002,Chrysler,300M
587,Selina,McDarmid,2008,BMW,X6
588,Michell,Cannaway,2007,GMC,Sierra 1500
589,Quintana,Tattoo,2010,Lotus,Elise
590,Minnaminnie,Goodge,2006,Aston Martin,Vantage
591,Meredith,Kiddy,1986,Ford,Escort
592,Christoffer,Seville,2007,Dodge,Grand Caravan
593,Cassy,Gately,1997,Ford,F350
594,Bride,Timmons,1997,Oldsmobile,88
595,Titos,Jenno,2010,MINI,Clubman
596,Raphael,Le Grove,1994,Geo,Prizm
597,Janaye,Cossans,1993,Volkswagen,Fox
598,Dalis,Kordes,1985,Porsche,944
599,Isacco,Breakwell,2008,Jeep,Compass
600,Archibaldo,Ianni,2001,Volkswagen,rio
601,Reid,Milliere,2009,Dodge,Viper
602,Sauveur,Tilson,1992,Plymouth,Colt
603,Charita,Pymar,2008,Ford,E150
604,Wallache,Pringer,2003,Suzuki,XL-7
605,Simonette,Rosgen,1990,Lexus,ES
606,Myron,Bracknell,2006,Pontiac,Grand Prix
607,Scottie,Jerratsch,2012,Acura,RL
608,Dorolisa,Kubacek,1995,Honda,del Sol
609,Isabeau,Verring,1977,Chevrolet,Caprice
610,Wally,Maroney,2010,GMC,Sierra 2500
611,Iggy,Niemiec,1998,GMC,Safari
612,Gamaliel,Shearsby,1995,Toyota,Paseo
613,Tera,Yeude,2003,Hyundai,Accent
614,Freeman,Molen,2008,Pontiac,Grand Prix
615,Delinda,Ricciardi,2001,Mitsubishi,Diamante
616,Jayne,Coucha,1986,Mercury,Topaz
617,Camille,Villiers,2010,Aston Martin,DB9
618,Lorri,Crannis,2005,Nissan,Maxima
619,Lizette,Ganter,1994,Dodge,Ram 1500
620,Hort,Janu,1992,Cadillac,DeVille
621,Korry,Creighton,2010,Kia,Soul
622,Jemima,Weildish,2003,Oldsmobile,Bravada
623,Chet,Stienham,2007,Nissan,Altima
624,Llewellyn,Leipelt,2010,Aston Martin,Vantage
625,Cristal,Wiltshear,1996,Dodge,Stratus
626,Irene,Ferraro,2002,Acura,RL
627,Krispin,Dadson,1991,Ford,F-Series
628,Letizia,Hospital,1994,Chrysler,LHS
629,Reginauld,Rylett,2008,BMW,7 Series
630,Teddy,Stair,2004,Chevrolet,Cavalier
631,Towney,Turfes,2010,Jaguar,XF
632,Junie,Bonin,2006,Ford,E250
633,Hubey,Schinetti,2003,Mazda,MX-5
634,Karry,Sinisbury,2009,Land Rover,LR2
635,Jorrie,McGhee,2010,Porsche,Cayenne
636,Alanah,Skrines,2011,Toyota,Avalon
637,Pepita,Chenery,2011,Rolls-Royce,Phantom
638,Mackenzie,Latta,2010,Honda,Ridgeline
639,Stinky,Ellul,2006,GMC,Sierra 1500
640,Catherine,Silcock,2005,Chevrolet,Silverado 2500
641,Jerry,Tabrett,2006,Bentley,Continental GT
642,Mariana,Armitage,1993,Ford,F-Series
643,Marylin,Cancott,1997,Land Rover,Discovery
644,Gertruda,Vannini,2011,Bentley,Continental
645,Gabby,Alenichev,1999,Jeep,Wrangler
646,Seline,Burkart,2005,Chrysler,Town & Country
647,Liam,Saunders,1995,Porsche,968
648,Sibyl,Allston,1993,Mercury,Capri
649,Kessia,Bordes,2013,GMC,Yukon XL 2500
650,Alexandre,Pigne,2011,Buick,Regal
651,Jackqueline,Giacomasso,2004,GMC,Sierra 3500
652,Barris,Lambertazzi,2011,Bentley,Continental
653,Valina,Wickey,2002,Volvo,S60
654,Ashil,Meneer,1985,Mitsubishi,Chariot
655,Addie,Raymen,2006,Honda,Odyssey
656,Janith,Bortolutti,1987,Ford,Aerostar
657,Tucker,Fidell,2010,Rolls-Royce,Ghost
658,Jerri,Szreter,1987,Porsche,944
659,Ryon,Fice,2003,Toyota,4Runner
660,Adolphus,Keay,2007,Dodge,Ram 1500
661,Dilly,Paulsen,1994,Volvo,940
662,Dorisa,Langham,1966,Ford,Mustang
663,Reina,Malloch,1993,Mercedes-Benz,300SD
664,Gordan,Stump,2000,Chevrolet,Suburban 1500
665,Archibald,Alvin,1998,Isuzu,Trooper
666,Jimmy,Challiss,1966,Ford,Falcon
667,Crista,de'-Ancy Willis,1991,Nissan,300ZX
668,Michail,Beaston,1998,Porsche,911
669,Boigie,Byforth,1986,Ford,LTD
670,Portia,Beardon,2004,Porsche,Boxster
671,Alvera,Nossent,2008,Chevrolet,Uplander
672,Heddie,Naire,2011,Chevrolet,Express 3500
673,Eddy,Billiard,1997,Honda,Civic
674,Adorne,Gowling,1993,BMW,5 Series
675,Noami,Thinn,2010,Smart,Fortwo
676,Patsy,Van der Son,1988,Pontiac,6000
677,Giacomo,Jeckell,2001,Ford,Escape
678,Cordey,Gligorijevic,1992,Chrysler,Imperial
679,Dudley,Redmore,1993,Dodge,D250
680,Maddalena,Eykelhof,2002,Hyundai,Elantra
681,Teena,Codeman,2007,Kia,Optima
682,Dasie,De La Salle,2007,Saab,9-3
683,Florry,MacAskie,1996,Land Rover,Range Rover
684,Nydia,Saunton,1984,Pontiac,Bonneville
685,Katya,Harber,1999,Buick,Century
686,Jazmin,Antognozzii,2009,Hyundai,Veracruz
687,Bartolemo,Schirach,2010,BMW,3 Series
688,Gilligan,Marquez,1995,Volkswagen,Passat
689,Harbert,Delnevo,1994,Porsche,928
690,Veronica,Maclaine,2006,Dodge,Ram 2500
691,Clive,Blunderfield,1988,Pontiac,Bonneville
692,Cary,Tupper,2008,BMW,M5
693,Sascha,Cesconi,1998,GMC,Envoy
694,Cesya,Hens,2008,Lexus,IS F
695,Astra,Reeveley,2005,Mitsubishi,Lancer Evolution
696,Nert,Skeat,2012,Toyota,Sequoia
697,Florie,Werrett,2008,Dodge,Grand Caravan
698,Floyd,Brunnen,1992,Mitsubishi,Diamante
699,Delphinia,Maypole,2012,Volvo,C30
700,Fulton,Shah,1998,Nissan,Maxima
701,Fernanda,Stiegars,1984,Mitsubishi,Mirage
702,Bradan,Stute,1993,Dodge,Ram Wagon B250
703,Deanne,Rennels,2012,Jeep,Liberty
704,Therese,Ferrers,2006,BMW,760
705,Ari,L' Anglois,2006,Infiniti,G
706,Nataline,Fever,1991,Pontiac,Grand Am
707,Jeramey,Fortie,2008,Ford,Focus
708,Kennith,Everwin,2008,Mercury,Sable
709,Devin,MacCarrick,1990,Porsche,911
710,Dehlia,Ahlin,1991,Mercury,Topaz
711,Catharine,Meedendorpe,2007,Bentley,Continental GTC
712,Lois,Scotchmore,1984,Lincoln,Town Car
713,Valery,Moorcraft,2006,Dodge,Dakota
714,Thorn,Tortis,1984,Ford,Thunderbird
715,Martie,Boughtwood,2000,Isuzu,VehiCROSS
716,Kaine,Cossum,1996,GMC,Savana 1500
717,Fraze,Beszant,2008,Toyota,Solara
718,Kirby,Tiron,1993,Chevrolet,Caprice Classic
719,Muffin,Bretherick,1987,Mitsubishi,Excel
720,Corrine,Beauly,2011,Suzuki,Equator
721,Mala,Dorning,1994,Chevrolet,Impala
722,Horacio,Stares,2010,Mazda,CX-7
723,Celestina,Hrihorovich,2008,Maybach,57
724,Yuma,Montilla,1993,Plymouth,Voyager
725,Nevins,Mulhall,2009,Lamborghini,Gallardo
726,Palm,Bills,1986,Pontiac,Fiero
727,Merrill,McAne,2012,Porsche,Boxster
728,Nalani,Kerrigan,2003,Cadillac,Escalade
729,Merilyn,Hasker,2001,Suzuki,Grand Vitara
730,Hatti,Smith,2005,Chevrolet,Silverado 2500
731,Jobyna,Nund,1993,Lotus,Elan
732,Antonina,Mixon,1992,Mazda,MX-5
733,Klemens,Schiefersten,1993,Mazda,B-Series
734,Gonzales,McSweeney,1992,Mazda,MX-3
735,Patrick,Le Moucheux,2008,Ford,Escape
736,Binny,Bradly,2013,Ford,Edge
737,Woodie,Windress,2011,Dodge,Nitro
738,Lil,Hornung,1989,Mazda,RX-7
739,Ewell,Chaplin,2001,Toyota,Avalon
740,Jacquetta,Simcoe,1998,Ford,Escort
741,Louis,Abbay,1985,Audi,4000s
742,Breena,Bridgewood,1989,Acura,Legend
743,Teodora,Tedder,2003,Dodge,Intrepid
744,Auguste,Leys,1988,Volkswagen,Cabriolet
745,Sybyl,Itscovitz,1988,Lincoln,Continental
746,Herman,Endrici,1993,Subaru,Legacy
747,Dag,Bucklee,1998,Toyota,Celica
748,Morton,Hauch,2010,Volkswagen,Touareg
749,Teddie,Force,2009,Lexus,LX
750,Mortimer,Monnery,1984,Volkswagen,Scirocco
751,Gonzalo,Mabon,1999,Chevrolet,Suburban 2500
752,Hillyer,Gumbrell,1988,Subaru,Leone
753,Georgette,Seide,2002,Lexus,RX
754,Forbes,Faltskog,2003,Ford,Explorer Sport Trac
755,Eolande,Locks,1994,Lexus,ES
756,Micki,Western,1987,Ford,Mustang
757,Kathie,Traher,1996,Suzuki,Swift
758,Rozalie,Stowte,1989,Buick,Electra
759,Hermia,Paolazzi,2002,Pontiac,Aztek
760,Ned,Boller,2001,Hyundai,Tiburon
761,Francklyn,Pinock,2009,Audi,Q7
762,Judy,Sprules,1988,Mercedes-Benz,W201
763,Colby,Fenning,2004,Infiniti,Q
764,Clifford,Foucar,2007,Isuzu,i-370
765,Ronny,Tuther,1992,Mitsubishi,Diamante
766,Justus,Docherty,1995,Toyota,Corolla
767,Bard,Rodliff,2009,Kia,Sorento
768,Valaria,Beams,2000,Buick,Century
769,Manya,Pavy,2005,Pontiac,Sunfire
770,Essa,Gittins,1993,Volkswagen,riolet
771,Benoit,Emlyn,1997,Eagle,Vision
772,Ignaz,Walton,1993,Mazda,Protege
773,Sadye,Sheaber,2009,Chrysler,Sebring
774,Octavius,Patching,1988,Ford,E-Series
775,Lemmy,Priestman,2010,Cadillac,Escalade ESV
776,Gottfried,Blackaller,2001,GMC,Sierra 2500
777,Brandea,Gossage,2002,Ford,Escape
778,Gunter,Crockatt,2004,Toyota,Land Cruiser
779,Stanford,Scheu,1989,Chevrolet,Corvette
780,Daffi,Sigmund,1996,Lotus,Esprit
781,Katlin,Kindread,2000,Mercury,Grand Marquis
782,Justis,Eisold,2009,Mercedes-Benz,S-Class
783,Felipe,Pfaffel,2000,Chevrolet,Camaro
784,Flss,Diss,2011,Mercedes-Benz,G-Class
785,Maria,Torra,1998,Lincoln,Continental
786,Derek,Hasard,1996,Oldsmobile,Bravada
787,Orran,Hiscoe,2012,Aston Martin,DB9
788,Morten,Glauber,1967,Chevrolet,Corvette
789,Haydon,Petyakov,2010,Ford,Mustang
790,Porty,Blazewski,2009,Volkswagen,New Beetle
791,Ronni,Bassill,1998,Toyota,Land Cruiser
792,Huntley,O' Kelleher,2012,Scion,tC
793,Dewitt,Waistall,2003,Honda,Civic GX
794,Carley,Favel,2006,Ford,E-Series
795,Allene,Cargon,1992,Toyota,Paseo
796,Mirabelle,Scarff,2009,Volvo,XC60
797,Cristina,Konrad,2009,BMW,M5
798,Christi,Lilford,2009,Chevrolet,Silverado 1500
799,Porter,Owens,2009,Cadillac,Escalade
800,Johann,Bordiss,1972,Ford,Mustang
801,Jecho,Rens,1967,Pontiac,Grand Prix
802,Arlin,Owen,2000,Saab,9-3
803,Nellie,Reeds,2006,Toyota,Sienna
804,Michael,Goathrop,2010,Honda,Ridgeline
805,Min,Claibourn,1996,Chrysler,LHS
806,Coralyn,Pfeffer,1997,Holden,VS Commodore
807,Laetitia,Kollatsch,1994,Hyundai,Sonata
808,Myrvyn,Fonte,2003,Chrysler,300M
809,Gilly,Scinelli,1998,Toyota,Corolla
810,Regine,Lazar,1999,Mazda,B-Series Plus
811,Wilburt,Potkin,2000,Toyota,Corolla
812,Joella,Pretorius,1993,Chevrolet,2500
813,Siouxie,Woakes,2003,Chevrolet,Express 1500
814,Cleopatra,Emanuelli,2010,Mercedes-Benz,GLK-Class
815,Blair,Dobey,2000,GMC,Safari
816,Theda,Denes,1985,Ford,F-Series
817,Trever,Hartgill,2009,Bugatti,Veyron
818,Angelle,Lamble,2003,Honda,Element
819,Creigh,Rothschild,1995,Ford,Crown Victoria
820,Skipper,Khoter,2005,Hummer,H2
821,Orren,Normansell,2011,Toyota,FJ Cruiser
822,Merci,Wreight,2007,Hummer,H2
823,Freeland,Braiden,1980,Chevrolet,Camaro
824,Thomas,Iddins,1992,Mitsubishi,Truck
825,Ebony,Kerford,2002,Ford,Thunderbird
826,Humbert,Brager,1992,Pontiac,Grand Prix
827,Enid,Aronin,2005,Toyota,MR2
828,Eleanore,Mitkov,1996,Audi,Cabriolet
829,Rochella,Lusted,1997,Infiniti,I
830,Cece,Quodling,1995,Mercury,Grand Marquis
831,Nissy,Bontoft,2009,GMC,Savana 3500
832,Lewie,Haggidon,1994,Suzuki,SJ
833,Benni,McCloughlin,2006,Ford,Mustang
834,Dun,Schurig,2011,Chevrolet,Silverado
835,Jaymee,Logsdale,1986,Audi,4000s
836,Lexie,Benesevich,1989,Ford,Laser
837,Vanya,Mccaull,2003,Chevrolet,Tahoe
838,Janie,Cawthra,1993,Audi,90
839,Kellia,Feldberg,1996,Mazda,B-Series Plus
840,Barbra,Eccleshare,2007,Bentley,Arnage
841,Udale,Ambridge,2010,Mitsubishi,Lancer Evolution
842,Rutherford,Mycroft,1992,Chevrolet,Lumina APV
843,Bourke,Bloxsome,2004,Mercedes-Benz,SLK-Class
844,Teirtza,Dalling,1992,Dodge,Shadow
845,Zulema,Sijmons,2000,Isuzu,Rodeo
846,Rosalind,Berryann,2012,BMW,X6
847,Kurt,Bing,2003,Maybach,57
848,Asa,Gilfoy,2009,Subaru,Impreza
849,Lee,Stonestreet,2012,Scion,xD
850,Fionna,Mullaly,2006,Chevrolet,Cobalt
851,Karol,Durman,2000,Chevrolet,3500
852,Ryon,Larver,1999,Oldsmobile,Intrigue
853,Dana,Stanlick,2012,Volvo,XC60
854,Sal,Salman,2005,Kia,Optima
855,Rina,Hanmore,2001,Oldsmobile,Aurora
856,Timmy,Pankethman,1997,Ford,Windstar
857,Frances,Spratley,1997,Dodge,Grand Caravan
858,Sileas,Peterson,2002,Volvo,S80
859,Rodd,Davidof,1999,Nissan,Sentra
860,Nesta,Iddy,2003,Volvo,XC90
861,Felicity,Stolze,2006,Chevrolet,Malibu
862,Sibelle,Souch,2009,Mercedes-Benz,CL65 AMG
863,Talya,Kundert,2009,Volkswagen,Touareg
864,Aloin,Douch,2006,Bentley,Azure
865,Melany,Kreuzer,2000,Land Rover,Discovery
866,Wenonah,Teager,1992,Ford,Tempo
867,Hannie,Springer,1995,Lexus,SC
868,Fax,Cranmor,2013,Ford,Fiesta
869,Keelby,Iltchev,2001,Mazda,B-Series
870,Barnaby,Steere,1996,Ford,Bronco
871,Shandee,Burburough,1995,Suzuki,Samurai
872,Boy,Eisikowitz,2010,BMW,X5
873,Annmarie,Cosham,1999,Land Rover,Range Rover
874,Jimmy,Lambertazzi,2007,Toyota,Camry
875,Tremain,Tryme,1993,Ford,Club Wagon
876,Ravi,Pioli,2005,Audi,TT
877,Lauraine,Lyddon,1987,Ford,Thunderbird
878,Kalila,Verling,2002,Chevrolet,Corvette
879,Mercie,Balharry,1985,Ford,E-Series
880,Adler,Carter,1962,Studebaker,Avanti
881,Carce,Atte-Stone,2003,Volkswagen,GTI
882,Tania,Loalday,2011,Nissan,Xterra
883,Elihu,Prestney,2006,Nissan,350Z Roadster
884,Jaclin,Blaschek,2012,Chevrolet,Malibu
885,Killy,Grimbaldeston,1999,Nissan,Maxima
886,Wilow,Dannatt,1993,Ford,Ranger
887,Catrina,Di Dello,1994,Oldsmobile,Bravada
888,Blaire,Hindmore,2012,Volkswagen,Eos
889,Maribeth,Howard,2006,Chevrolet,Silverado Hybrid
890,Staci,Longhi,2000,Chrysler,300M
891,Corrine,Neicho,1998,Acura,TL
892,Wyatt,Steuhlmeyer,2000,Honda,S2000
893,Lotta,Twentyman,2005,Chevrolet,Corvette
894,Ellynn,Churly,1998,Mazda,B-Series Plus
895,Carri,Ingles,1987,Porsche,944
896,Alexio,Reston,2008,Lincoln,Mark LT
897,Ferguson,Lumsdaine,2001,Toyota,Highlander
898,Clarey,Battyll,2007,Jaguar,X-Type
899,Lawton,Palister,2004,Honda,CR-V
900,Clayborne,Cudiff,1965,Ford,Fairlane
901,Dorian,Shervil,2007,Mercedes-Benz,C-Class
902,Kenton,Bein,1998,Mercury,Grand Marquis
903,Edvard,Pierse,2004,Chevrolet,Suburban 1500
904,Sunny,Cattach,2010,Acura,TL
905,Clemmie,Cotterill,2011,BMW,7 Series
906,Jerrilyn,Whyard,1999,Pontiac,Grand Am
907,Iorgos,Arnull,2004,Toyota,Camry
908,Pinchas,Robecon,1997,Plymouth,Breeze
909,Davy,Fain,1994,Kia,Sephia
910,Carlota,Colter,2001,Lexus,IS
911,Issiah,Petlyura,2008,Isuzu,i-370
912,Alaine,Shepley,2009,Toyota,Sienna
913,Giles,De Roos,2004,Volvo,S80
914,Marlow,McWhirter,2012,Jeep,Liberty
915,Kendal,Cowing,1983,Pontiac,Sunbird
916,Abie,Ouldcott,2000,Mercedes-Benz,CL-Class
917,Tades,MacGowing,2001,Daewoo,Lanos
918,Ariela,Goult,1999,Mercury,Mountaineer
919,Marne,Duckham,1998,Suzuki,Esteem
920,Clarinda,Eaddy,2011,Mercedes-Benz,Sprinter 3500
921,Thedrick,Fonso,1977,Ford,Thunderbird
922,Moira,Frizell,2006,Maserati,Quattroporte
923,Dieter,McBeth,1995,Eagle,Vision
924,Charline,Ehrat,2008,Ford,E150
925,Mauricio,Giacobbo,2006,BMW,760
926,Hamlen,Pelz,1993,BMW,8 Series
927,Freeland,Sanford,2007,Cadillac,Escalade EXT
928,Randa,Gambrell,1990,Ford,Mustang
929,Deva,Caw,1992,Dodge,D250
930,Manolo,Schwieso,2008,Chevrolet,Cobalt SS
931,Lacey,Goathrop,2010,Porsche,Cayenne
932,Lilian,Holliar,2000,Mitsubishi,Montero Sport
933,Gussi,Guys,1974,Citroën,CX
934,Sammie,Tant,1993,Plymouth,Sundance
935,Bryon,Giacopelo,1994,Toyota,T100
936,Georas,McIlvenna,1995,Infiniti,J
937,Cecelia,Englefield,1996,Dodge,Ram Van 1500
938,Ives,Maurice,2011,Volvo,C70
939,Rianon,Vousden,2005,Ford,E250
940,Sawyer,Sterling,1993,BMW,8 Series
941,Shoshanna,Keneleyside,2006,Maybach,62
942,Keefe,Gages,1993,Toyota,4Runner
943,Wake,Yoskowitz,2001,Toyota,4Runner
944,Viva,Roarty,1993,Dodge,Daytona
945,Arielle,Sterre,1976,Plymouth,Volare
946,Charity,Juanes,1992,Buick,Roadmaster
947,Ladonna,Storey,1985,Lincoln,Continental Mark VII
948,Rollin,Clitheroe,2006,Rolls-Royce,Phantom
949,Hardy,Nussgen,2008,Chevrolet,TrailBlazer
950,Madelene,Binney,2008,Toyota,Solara
951,Roseanna,Andrasch,2001,Dodge,Caravan
952,Lucius,Novik,2009,Chevrolet,Equinox
953,Deedee,Tuffell,2004,Ford,F250
954,Dorise,Shotter,1995,Chevrolet,K5 Blazer
955,Bernelle,Paulson,2004,Chevrolet,Silverado 2500
956,Melisandra,Baillie,2004,Suzuki,Aerio
957,Bayard,Nodin,2009,Honda,Fit
958,Noel,Featley,2010,Subaru,Legacy
959,Kessia,Kovacs,2001,Lexus,ES
960,Claus,Gathwaite,2010,Hummer,H3T
961,Parrnell,Attenborrow,2011,Cadillac,Escalade EXT
962,Edyth,Tollady,2005,Chevrolet,Classic
963,Gwennie,Champerlen,1999,GMC,Sierra 1500
964,Mitch,Damerell,2010,Scion,xB
965,Esther,Phillipp,2010,Infiniti,G
966,Terrence,Labram,2012,Honda,Odyssey
967,Giulio,Tyres,1986,Mitsubishi,Mighty Max
968,Reina,Cursey,2005,Lincoln,Navigator
969,Donaugh,Corkish,2004,Acura,RL
970,Toddy,Oliphard,2012,Nissan,Quest
971,Henrieta,Poyner,2007,Chrysler,Town & Country
972,Verney,Luchetti,2005,Subaru,Legacy
973,Gothart,Pabst,2006,Mercedes-Benz,SL65 AMG
974,Bruno,Furney,2004,Volkswagen,New Beetle
975,Elly,Ellesworth,1994,Ford,Club Wagon
976,Arly,Ruffell,1987,Volkswagen,Golf
977,Kerk,Brimacombe,2006,Scion,xA
978,Saree,Sanger,2002,Audi,S6
979,Regen,Smees,2006,Mercedes-Benz,CLS-Class
980,Bari,Ozintsev,2008,Hummer,H3
981,Kial,Pooly,1996,Toyota,Avalon
982,Leonore,Gergolet,2001,Ford,Econoline E150
983,Casper,Oliffe,1985,Pontiac,Parisienne
984,Bryant,Withnall,2001,BMW,530
985,Elysia,Yuryichev,2003,Ford,F150
986,Annadiane,Ricardet,2006,Chevrolet,Avalanche
987,Link,Orrick,2002,Saturn,L-Series
988,Raimundo,Fouldes,2003,Chevrolet,Silverado 3500
989,Euphemia,Breache,2008,Hyundai,Veracruz
990,Kaleb,Redholls,1993,Oldsmobile,Cutlass Cruiser
991,Grazia,Mapstone,1993,Mercedes-Benz,S-Class
992,Janetta,Rewcastle,2003,Chevrolet,Venture
993,Theodoric,Eccott,2002,Mazda,Protege
994,Rustie,Bosma,1996,Mitsubishi,Truck
995,Agnese,Gooley,2009,Chrysler,PT Cruiser
996,Odella,McGeady,2011,Kia,Soul
997,Tarrah,Youll,2009,Audi,S5
998,Efrem,Noblet,2007,Ford,E350
999,Francisca,Heaviside,2001,BMW,M
1000,Madonna,Denizet,2011,Mazda,MX-5
